Shoes,Price(Usd)
Jordan 4 Retro Bred Reimagined,$255
Jordan 1 Retro High OG Yellow Ochre,$116
Jordan 11 Retro DMP Gratitude (2023),$220
Jordan 4 Retro Bred Reimagined (GS),$134
Jordan 3 Retro Craft Ivory,$191
Jordan 4 Retro Red Cement,$235
Jordan 5 Retro Olive (2024),$219
Jordan 4 Retro Thunder (2023),$282
Jordan 4 Retro SE Craft Medium Olive,$185
Jordan 1 Retro High OG Chicago Lost and Found,$294
Jordan 4 Retro SB Pine Green,$358
Jordan 3 Retro Midnight Navy,$177
Jordan 1 Retro High OG Black White,$130
Jordan 1 Mid Light Smoke Grey,$107
Jordan 1 Retro Low OG Year of the Dragon (2024),$157
Jordan 3 Retro White Cement Reimagined,$187
Jordan 4 Retro Military Black,$437
Jordan 1 Retro Low OG SP Travis Scott Olive (Women's),$477
Jordan 1 Retro Low OG SP Travis Scott Black Phantom,$541
Jordan 1 Retro High OG Satin Bred (Women's),$97
Jordan 1 Retro High OG Royal Reimagined,$108
Jordan 1 Retro High OG UNC Toe,$180
Jordan 4 Retro Black Cat (2020),"$1,016"
Jordan 4 Retro Frozen Moments (Women's),$255
Jordan 1 Retro High OG Spider-Man Across the Spider-Verse,$150
Jordan 4 Retro Midnight Navy,$295
Jordan 11 Retro DMP Gratitude (2023) (GS),$115
Jordan 11 Retro Cool Grey (2021),$142
Jordan 1 Low Wolf Grey (Women's),$93
Jordan 4 Retro Metallic Gold (Women's),$213
Jordan 5 Retro Lucky Green (Women's),$151
Jordan 1 Retro Low 85 Metallic Blue,$110
Jordan 1 Mid Patent Black White Gold,$110
Jordan 3 Retro Fear Pack (2023),$162
Jordan 11 Retro Cherry (2022),$210
Jordan 12 Retro Cherry (2023),$219
Jordan 4 Retro Red Thunder,$426
Jordan 1 Retro Low OG SP Travis Scott Reverse Mocha,"$1,032"
Jordan 5 Retro A Ma Maniére Dusk,$259
Jordan 5 Retro A Ma Maniére Dawn (Women's),$142
Jordan 4 Retro Red Cement (GS),$131
Jordan 1 Retro High OG Patent Bred,$201
Jordan 1 Retro High OG Palomino,$215
Jordan 4 Retro SE Craft Photon Dust,$148
Jordan 1 Retro High OG Lucky Green,$137
Jordan 4 Retro Bred (2019),$461
Jordan 4 Retro SE Black Canvas,$355
Jordan 1 Retro High OG Metallic Gold (Women's),$113
Jordan 3 Retro SP J Balvin Medellín Sunset,$401
Jordan 3 Retro Off Noir,$144
Jordan 1 Retro High OG SP Travis Scott Mocha,"$1,397"
Jordan 8 Retro Playoffs (2023),$222
Jordan 1 Retro Low OG SP Fragment x Travis Scott,"$1,065"
Jordan 4 Retro A Ma Maniére Violet Ore,$246
Jordan 1 Retro High OG SP Union LA Bephies Beauty Supply Summer of ‘96,$100
Jordan 4 Retro University Blue,$492
Jordan 1 Retro Low OG Black Toe (2023),$118
Jordan 4 Retro Off-White Sail (Women's),$844
Jordan 11 Retro Neapolitan (Women's),$150
Jordan 5 Retro UNC University Blue,$232
Jordan 1 Retro High OG University Blue,$300
Jordan 4 Retro Seafoam (Women's),$233
Jordan 14 Retro Black White,$254
Jordan 4 Retro Thunder (2023) (GS),$159
Jordan 13 Retro Blue Grey,$152
Jordan 1 Retro High Dark Mocha,$393
Jordan 5 Retro Olive (2024) (GS),$150
Jordan 1 Mid Lucky Green,$75
Jordan 1 Retro Low 85 Neutral Grey,$119
Jordan 1 Low Panda (2023) (Women's),$99
Jordan 3 Retro Palomino,$186
Jordan 1 Mid Panda (Women's),$98
Jordan 6 Retro Toro Bravo,$172
Jordan 6 Retro Aqua,$137
Jordan 6 Retro Yellow Ochre,$167
Jordan 1 Mid University Blue Black,$75
Jordan 3 Retro Fire Red (2022),$219
Jordan Spizike Low Houston Oilers,$149
Jordan 4 Retro White Oreo (2021),$460
Jordan 1 Low SE Phantom Repaired Denim Swoosh,$110
Jordan 1 Retro High OG Mauve,$92
Jordan 1 Retro High OG Taxi,$102
Jordan 11 Retro Playoffs Bred (2019),$309
Jordan 4 Retro SE Craft Medium Olive (GS),$115
Jordan 1 Retro High OG Washed Black,$154
Jordan 4 Retro Travis Scott Cactus Jack,$995
Jordan 1 Retro Low OG Atmosphere Grey,$90
Jordan Jumpman Jack TR Travis Scott Sail,"$1,654"
Jordan 1 Retro Low Golf Travis Scott Neutral Olive,$796
Jordan 3 Retro Wizards,$171
Jordan 1 Low Bred Toe 2.0,$76
Jordan 1 Low Light Smoke Grey,$147
Jordan 4 Retro Infrared,$292
Jordan 4 Retro Canyon Purple (Women's),$176
Jordan 1 Retro High Off-White University Blue,"$1,275"
Jordan 4 Retro Lightning (2021),$265
Jordan 1 Low Alternate Royal Toe,$70
Jordan 1 Retro Low OG EX Coconut Milk,$98
Jordan 1 Mid Alternate Bred (2022),$86
Jordan 1 Retro High OG Washed Pink (Women's),$112
Jordan 1 High OG Craft Celadon,$148
Jordan 4 Retro Fire Red (2020),$323
Jordan 1 Mid Black Royal Blue,$80
Jordan 5 Retro DJ Khaled We The Best Crimson Bliss,$142
Jordan 1 Retro High OG UNC Toe (GS),$100
Jordan 1 Retro High Dior,"$7,527"
Jordan 4 Retro Midnight Navy (GS),$206
Jordan 11 Retro Concord (2018),$426
Jordan 13 Retro Playoffs (2023),$154
Jordan 4 Retro Bred Reimagined (PS),$92
Jordan 1 Low Ashen Slate,$98
Jordan 1 Low SE Concord,$164
Jordan 1 Retro High OG True Blue,$101
Jordan 5 Retro Georgetown,$186
Jordan 1 Retro Low OG SP Travis Scott Mocha,"$1,617"
Jordan 11 Retro Low Cement Grey,$192
Jordan 1 Low Lucky Green,$70
Jordan 1 Retro High OG Hyper Royal,$249
Jordan 3 Retro Green Glow,$204
Jordan 12 Retro Field Purple,$187
Jordan 2 Retro OG Chicago (2022),$108
Jordan 2 Retro J Balvin,$129
Jordan 2 Retro Origins,$90
Jordan 2 Retro Black Cement,$103
Jordan 2 Retro Low SP Off-White Black Blue,$145
Jordan 2 Retro Cement Grey,$92
Jordan 2 Retro Low UNC,$83
Jordan 2 Retro Lucky Green,$89
Jordan 2 Retro Low Christmas,$90
Jordan 2 Retro SP Union Grey Fog,$70
Jordan 2 Retro Low SP Off-White White Red,$371
Jordan 2 Retro Low Python,$81
Jordan 2 Retro Python,$118
Jordan 2 Retro Low Cherrywood,$72
Jordan 2 Retro SP Union Rattan,$115
Jordan 2 Retro A Ma Maniére Airness,$106
Jordan 2 Retro Low Craft Melon Tint,$56
Jordan 2 Retro Low Two 18,$76
Jordan 2 Retro SP Maison Chateau Rouge,$74
Jordan 2 Retro Soft Pink (Women's),$115
Jordan 2 Retro Low Varsity Royal (Women's),$61
Jordan 2 Retro Lucky Green (GS),$58
Jordan 2 Retro Low Year of the Dragon,$167
Jordan 2 Retro OG Chicago (2022) (Women's),$65
Jordan 2 Retro Low Craft Atmosphere,$82
Jordan 2 Retro Low Chicago Twist (Women's),$74
Jordan 2 Retro Low Year of the Dragon (Women's),$125
Jordan 2 Retro Origins (GS),$70
Jordan 2 Retro Low Shelflife,$64
Jordan 2 Retro Mauve (Women's),$81
Jordan 2 Retro Cool Grey (Women's),$91
Jordan 2 Retro Sail Black (Women's),$105
Jordan 2 Retro Low UNC (GS),$57
Jordan 2 Retro Low TITAN (Women's),$60
Jordan 2 Retro Low NC to Chi (Women's),$58
Jordan 2 Retro OG Chicago (2022) (PS),$59
Jordan 2 Retro Low Year of the Dragon (GS),$102
Jordan 2 Retro Black Cement (GS),$74
Jordan 2 Retro Low Quai 54 (2023),$64
Jordan 2 Retro Python (GS),$95
Jordan 9 Retro Powder Blue (2024),$293
Jordan 9 Retro Boot NRG Black Light Gum,$132
Jordan 9 Retro Chile Red,$253
Jordan 9 Retro Particle Grey,$232
Jordan 9 Retro Fire Red,$204
Jordan 9 Retro Light Olive Concord,$116
Jordan 9 Retro Low Golf White Black True Red,$195
Jordan 9 Retro OG (2016),$401
Jordan 9 Retro Chile Red (GS),$121
Jordan 9 Retro Dark Charcoal University Gold,$278
Jordan 9 Retro University Blue,$283
Jordan 9 Retro Powder Blue (2024) (GS),$135
Jordan 9 Retro Bred Patent,$439
Jordan 9 Retro Boot Military Brown,$115
Jordan 9 Retro Pearl Blue,$301
Jordan 9 Retro White Gym Red,$285
Jordan 9 Retro Fire Red (GS),$99
Jordan 9 Retro Powder (2010),$318
Jordan 9 Retro Cool Grey (2012),$301
Jordan 9 Retro Racer Blue,$227
Jordan 9 Retro Dark Charcoal University Gold (GS),$166
Jordan 9 Retro Anthracite,$302
Jordan 9 Retro Particle Grey (GS),$145
Jordan 9 Retro Kobe Bryant PE,$260
Jordan 9 Retro Dream It Do It,$206
Jordan 9 Retro Change The World (Women's),$107
Jordan 9 Retro Olive (2012),$340
Jordan 9 Retro Barons,$324
Jordan 9 Retro Johnny Kilroy,$347
Jordan 9 Retro Charcoal,$520
Jordan 9 Retro City of Flight,$282
Jordan 9 Retro White Gym Red (GS),$313
Jordan 9 Retro Low Snakeskin,$210
Jordan 9 Retro Boot Black Concord,$380
Jordan 9 Retro MOP Melo,$416
Jordan 9 Retro University Blue (GS),$128
Jordan 9 Retro White Black Red (2010),$339
Jordan 9 Retro Statue,$259
Jordan 9 Retro Photo Blue,$278
Jordan 9 Retro Citrus,$264
adidas Yeezy Slide Slate Grey,$82
adidas Campus 00s Core Black,$90
adidas Yeezy Slide Onyx (2022/2023),$111
adidas Yeezy Slide Slate Marine,$72
adidas Campus 00s Grey White,$83
adidas Samba OG Cloud White Core Black,$87
adidas Yeezy Slide Bone (2022/2023 Restock),$115
adidas Yeezy Slide Granite,$71
adidas Yeezy Boost 350 V2 Onyx (2022/2023),$278
adidas Campus 00s Crystal White Core Black (Women's),$86
adidas Yeezy Foam RNR Carbon,$118
adidas Yeezy Boost 350 V2 Bone,$224
adidas Yeezy Foam RNR Onyx (2022/2024),$125
adidas Campus 00s Grey Gum (Kids),$84
adidas Campus 00s Dark Green Cloud White,$70
adidas Yeezy Foam RNR MX Cinder,$109
adidas Yeezy Boost 350 V2 Steel Grey,$249
adidas Yeezy Slide Azure,$87
adidas Samba OG Cream White Sand Strata (Women's),$109
adidas AE 1 Best of adi Stormtrooper,$119
adidas Yeezy Boost 350 V2 Carbon Beluga,$218
adidas Samba OG Black Wonder White (Women's),$110
adidas Handball Spezial Bright Red Clear Pink (Women's),$101
adidas Yeezy Boost 350 V2 Zebra,$294
adidas Handball Spezial Aluminum Core Black (Women's),$103
adidas AE 1 With Love,$137
adidas Handball Spezial Navy Gum,$91
adidas AE 1 All-Star,$115
adidas Gazelle Indoor Bliss Pink Purple (Women's),$112
adidas Campus 00s Black White Gum (Kids),$82
adidas Response CL Bad Bunny Wonder White,$181
adidas Gazelle Scarlet Cloud White,$109
adidas Response CL Bad Bunny Paso Fino,$145
adidas Yeezy Boost 350 V2 Black Red (2017/2020),$222
adidas Samba OG Black White Gum,$72
adidas Sambae White Black Gum (Women's),$93
adidas Yeezy Boost 700 Wave Runner (2017/2023),$402
adidas AE 1 New Wave,$113
adidas Yeezy Boost 350 Pirate Black (2023),$192
adidas Samba OG Collegiate Green Gum Grey Toe,$110
adidas Samba Nylon Wales Bonner Dark Brown,$424
adidas Superstar CLOT By Edison Chen White Crystal Sand,$329
adidas Campus 00s Core Black White,$87
adidas Samba OG Cloud White Core Black (Women's),$105
adidas Campus 00s Better Scarlet Cloud White,$70
adidas Yeezy Boost 350 V2 Beluga Reflective,$240
adidas Campus Light Bad Bunny Chalky Brown,$131
adidas Yeezy 700 V3 Azael,$213
adidas Yeezy Boost 350 V2 MX Dark Salt,$234
adidas Campus 00s Pink Fusion (Women's),$120
adidas Samba OG Aluminum Gum (Women's),$107
adidas Forum Buckle Low Bad Bunny Last Forum,$154
adidas Harden Vol. 8 Pioneer,$143
adidas Handball Spezial Clear Pink Arctic Night (Women's),$102
adidas Yeezy Boost 350 V2 Static (Non-Reflective),$231
adidas Yeezy 500 Utility Black,$270
adidas Yeezy Boost 350 V2 Slate,$227
adidas Handball Spezial Collegiate Green Semi Green Spark (Women's),$96
adidas Yeezy Foam RNR Stone Salt,$119
adidas Campus 00s Wonder White (Women's),$79
adidas Samba Pony Tonal Wales Bonner Core Black,$315
adidas Samba OG Silver Green (Women's),$76
adidas Yeezy Boost 350 V2 Core Black Red (2016/2022/2023),$211
adidas Gazelle Bold Magic Beige Collegiate Green (Women's),$157
adidas Gazelle Indoor Collegiate Green Lucid Pink (Women's),$100
adidas Gazelle Indoor Sean Wotherspoon Hemp Green,$173
adidas Samba Nylon Tonal Wales Bonner Cream White,$254
adidas Campus 00s Ambient Sky,$65
adidas Campus 00s Semi Lucid Blue Cloud White,$83
adidas Yeezy Boost 350 V2 Granite,$162
adidas Yeezy Slide Flax,$87
adidas Forum Low The Simpsons Living Room,$135
adidas Response CL Bad Bunny Triple Black,$157
adidas Yeezy Foam RNR Desert Sand,$156
adidas Harden Vol. 8 Sculpt,$155
adidas Yeezy Boost 350 V2 Blue Tint,$230
adidas Samba Nylon Wales Bonner Fox Brown,$207
adidas Handball Spezial Core Black Clear Pink Gum (Women's),$105
adidas Samba OG Footwear White Green,$82
adidas Campus 00s Bark,$86
adidas Yeezy Boost 350 V2 Dazzling Blue,$263
adidas Yeezy 700 V3 Copper Fade,$153
adidas Harden Vol. 7 Flash Aqua,$135
adidas Yeezy Boost 350 V2 Core Black White (2016/2022),$329
adidas Gazelle Bold Pink Glow (Women's),$180
adidas Yeezy Slide Pure (Restock Pair),$129
adidas Yeezy Slide Ochre,$99
adidas Clarks 8th Street Samba by Ronnie Fieg Kithmas White Black,$275
adidas Campus 80s South Park Towelie,$140
adidas Samba OG Night Navy Gum,$114
adidas Yeezy Foam RNR Stone Taupe,$131
adidas Predator Elite Foldover Tongue F Solar Energy Pack,$318
adidas Gazelle Bold Wonder Quartz Black Gum (Women's),$106
adidas Yeezy Boost 350 V2 Cream,$327
adidas Yeezy Foam RNNR Sand,$173
adidas Gazelle Bold Silver Green Gum (Womens),$90
adidas Campus 00s Core Black Lucid Blue,$93
adidas Campus Light Bad Bunny Cream,$203
adidas Samba OG White Better Scarlet,$74
adidas Samba Wales Bonner Silver,$400
adidas ZX 8000 Consortium Cup END. Future,$170
adidas BW Army Footwear White,$72
adidas Yeezy Boost 700 Analog (2019/2023),$212
adidas Sambae White Collegiate Green Gum (Women's),$101
adidas Yeezy Boost 700 Utility Black,$232
adidas Samba Sporty & Rich White Collegiate Burgundy,$122
adidas Gazelle Indoor Bold Orange (Women's),$88
adidas Gazelle Bold Green Lucid Pink (Women's),$92
adidas Gazelle Indoor Collegiate Green Gum,$93
adidas Ultra Boost 1.0 DNA Triple White,$105
adidas Handball Spezial Black Gum,$75
adidas Sambae Ivory Pink Fusion (Women's),$120
adidas Campus 00s Korn,$351
adidas Yeezy Slide Glow Green (2022/2023 Restock),$90
adidas Samba OG White Halo Blue Gum (Women's),$110
adidas Clarks 8th Street Samba by Ronnie Fieg Kithmas White Multi,$294
adidas Gazelle Indoor Collegiate Green,$96
adidas Yeezy 350 V2 CMPCT Slate Onyx,$106
adidas Yeezy Foam RNR Clay Red,$114
adidas Yeezy Boost 700 Salt,$244
adidas Fear of God Athletics I Basketball Carbon,$255
adidas Yeezy Boost 700 V2 Static (2018/2022/2023),$241
adidas Yeezy Boost 350 V2 MX Oat,$231
adidas Yeezy Boost 350 V2 Salt,$262
adidas Superstar Core Black Cloud White Gold,$70
adidas Handball Spezial Light Blue,$89
adidas Campus 00s Wonder Beige,$78
adidas Yeezy Boost 350 V2 Carbon,$159
adidas Harden Vol. 7 Royal Blue,$143
adidas Gazelle Indoor Blue Fusion Gum (Women's),$125
adidas Yeezy 700 V3 Dark Glow,$376
adidas Yeezy Slide Resin (2022),$91
adidas Yeezy Boost 350 V2 Mono Cinder,$163
adidas Samba OG White Halo Blue,$92
adidas Campus 00s Crystal White Better Scarlet (Women's),$52
adidas Samba OG Collegiate Green Gum,$100
adidas Samba Vegan Black Gum,$82
adidas Gazelle Indoor Blue Bird Gum,$89
adidas Yeezy Boost 350 V2 MX Rock,$206
adidas Yeezy Slide Bone,$289
adidas Gazelle Bold True Pink (Women's),$106
adidas Harden Vol. 7 Orbit Grey Chalk White,$133
adidas adiFOM Superstar The Simpsons Clouds,$83
adidas Campus 00s Youth of Paris,$120
adidas Sambarose Valentine (Women's),$62
adidas Samba OG Cloud White Core Black (GS),$80
adidas Campus 00s Core Black True Pink (Women's),$90
adidas Campus 00s Better Scarlet Clear Pink,$81
adidas Handball Spezial Wonder White Black (Women's),$189
adidas Campus 00s Green Cloud White (Women's),$61
adidas Forum Buckle Low Bad Bunny Blue Tint,$263
adidas Yeezy 350 V2 CMPCT Slate Bone,$118
adidas NMD R1 Primeblue Triple Black,$64
adidas Yeezy Boost 350 Turtledove (2022),$247
adidas Forum Low Bad Bunny Back to School,$266
adidas Ultra Boost 1.0 DNA Triple Black,$104
adidas Yeezy Foam RNR MX Granite,$140
adidas Samba Wales Bonner Studded Pack Black,$390
adidas Handball Spezial Scarlet Gum,$105
adidas Yeezy Boost 350 V2 Black (Non-Reflective),$300
ASICS Gel-Kayano 14 Cream Black Metallic Plum,$165
ASICS Gel-1130 White Clay Canyon,$111
ASICS Gel-1130 White Midnight (Women's),$77
ASICS Gel-1130 Black Pure Silver,$137
Onitsuka Tiger Mexico 66 Silver Off White,$125
Onitsuka Tiger Mexico 66 Kill Bill,$123
ASICS Gel-1130 White Shark Skin,$100
ASICS Gel-1130 Black Graphite Grey,$86
Onitsuka Tiger Mexico 66 Birch Peacoat,$100
Onitsuka Tiger Mexico 66 Vintage Birch Black,$134
ASICS Gel-Kayano 14 White Midnight (Women's),$178
ASICS Gel-NYC Oyster Grey,$130
ASICS Gel-NYC White Oyster Grey,$119
ASICS Gel-Quantum 360 VIII C.P. Company Cement Grey,$245
ASICS Gel-1130 Cream Pure Silver (Women's),$106
ASICS Gel-1130 White Black,$104
ASICS Gel-Kayano 14 Monaco Blue,$166
Onitsuka Tiger Mexico 66 Black White,$131
ASICS GT-2160 Gallery Dept. ComplexCon,$478
ASICS GT-2160 Earls Collection Ngāwari,$169
ASICS Gel-Kayano 14 Birch Dark Pewter,$149
ASICS Gel-NYC Graphite Grey Black,$132
ASICS Gel-1130 Faded Ash Rock (Women's),$117
ASICS Gel-Kayano 14 Black Pure Silver,$141
ASICS Gel-1130 White Wood Crepe,$100
ASICS Gel-1130 Cream Ironclad,$129
ASICS Gel-Kayano 14 Pink Glo,$489
ASICS GT-2160 White Illusion Blue,$99
ASICS Gel-Lokros Heaven by Marc Jacobs Kiko Kostadinov Graphite Grey (Women's),$353
ASICS Gel-NYC Ivory Clay Grey,$117
ASICS Gel-1130 White Periwinkle Blue (Women's),$151
Onitsuka Tiger Mexico 66 White Blue Red,$121
ASICS Gel-Kayano 14 Cloud Grey (Women's),$134
ASICS Gel-NYC Needles Black Purple,$193
ASICS Gel-1130 Cream Kale,$183
ASICS Gel-Kayano 14 Bright Lime Midnight (Women's),$224
ASICS Gel-1130 White Jade (Women's),$83
ASICS GT-2160 PaperGirl Paris BEAMS,$149
Onitsuka Tiger Mexico 66 Gold White,$97
ASICS Gel-1130 White Dune (Women's),$72
ASICS Gel-Quantum 360 VIII C.P. Company Mission Yellow,$213
ASICS Gel-Kayano Legacy Pure Silver,$153
Onitsuka Tiger Mexico 66 Beige Grass Green,$126
ASICS Gel-NYC Cream Kale,$183
ASICS Gel-Kayano 14 White Pure Gold,$148
Onitsuka Tiger Mexico 66 Birch Green Red Yellow,$94
ASICS Gel-Lokros Heaven by Marc Jacobs Kiko Kostadinov Faded Denim (Women's),$287
ASICS Gel-NYC Oatmeal Obsidian Grey,$166
ASICS Gel-Kayano 14 White Malachite Green,$176
ASICS GT-2160 Cecilie Bahnsen Habanero,$241
ASICS Gel-Kayano 14 White Dark Grape (Women's),$186
ASICS Gel-Quantum Kinetic Graphite Grey Black (AIREI Edition),"$1,152"
ASICS Gel-Kayano 14 Unaffected Infinite Wonders Pack Black Silver,$231
ASICS Gel-NYC Naruto Uzumaki Shippuden,$238
ASICS Gel-Lokros Heaven by Marc Jacobs Kiko Kostadinov Vapor Cosmos (Women's),$311
ASICS Gel-1130 HAL Studio Glacier,$172
ASICS Gel-Lyte III '07 Remastered Kith Marvel X-Men Mystery Sealed Box (Trading Card Included),$231
ASICS Gel-1130 White Clay Grey,$84
ASICS Gel-NYC Ivy Smoke Grey,$129
ASICS Gel-Lyte III '07 Remastered Kith By Invitation Only,$164
ASICS GT-2160 White Black,$95
Onitsuka Tiger Mexico 66 White Black,$123
ASICS GT-2160 White Shamrock Green,$137
ASICS Gel-1130 White Malachite Green (Women's),$108
ASICS Gel-1130 White Pure Silver,$193
ASICS Gel-Kayano 14 Kith Cream Scarab,$364
ASICS Gel-Kayano 14 Unaffected Infinite Wonders Pack White,$140
ASICS ACTIBREEZE 3D Sandal Black,$110
Onitsuka Tiger Mexico 66 Slip-On Birch Midnight,$79
ASICS Gel-Kayano 14 White Classic Red,$235
ASICS Court MZ Cream Black Gum,$82
Onitsuka Tiger Mexico 66 White Burgundy,$106
ASICS Gel-NYC Mid Grey Sheet Rock,$122
ASICS Gel-Quantum Kinetic Graphite Grey Black,$347
ASICS Gel-Kayano 14 White Piquant Orange,$183
ASICS Gel-1130 Black Carbon,$92
ASICS Gel-Kayano 14 JJJJound Silver Black,$587
ASICS Gel-Kayano 20 KENZO Multi-Color,$243
ASICS Gel-NYC Graphite Grey Smoke Grey,$122
ASICS GT-2160 DIME Arctic Wolf,$155
ASICS Gel-NYC Concrete Oatmeal,$108
ASICS GT-2160 Above The Clouds,$202
ASICS Gel-1130 White Electric Red,$100
ASICS Gel-1130 Polar Shade Pure Silver,$100
ASICS Gel-Kayano 14 White Sage Smoke Grey,$145
ASICS Gel-Kayano 14 JJJJound Silver White,$486
Onitsuka Tiger Mexico 66 Cream Black Gold,$110
ASICS Gel-Nimbus 9 Cream Black,$143
ASICS EX89 Kith Kithmas Outdoor,$93
ASICS Gel-Kayano 14 White Pure Silver,$178
ASICS Gel-1130 White Mid Grey Lime Green,$118
ASICS Gel-Kayano 20 KENZO Glacier Grey,$214
ASICS Gel-Kayano 14 White Simply Taupe (Women's),$121
ASICS Gel-1130 Concrete Teal Pink (Women's),$162
ASICS Gel-1130 Birch Sand,$72
ASICS GT-2160 Cecilie Bahnsen Mary Jane Black,$303
ASICS EX89 Foxtrot Uniform,$171
ASICS GT-2160 White Pure Silver Gold,$88
ASICS Gel-Kayano 14 Unaffected Infinite Wonders Pack Green,$93
ASICS Gel-Kayano 14 White Tuna Blue,$183
ASICS Gel-Kayano 14 Black Seal Grey,$163
ASICS Gel-Kayano 14 Earthenware Pack White Sage,$128
ASICS GT-2160 Hidden NY JW Customs Crystal Pine 0.5,"$1,757"
ASICS ACTIBREEZE 3D Sandal Mako Blue,$107
ASICS Gel-1130 Pure Silver Pink (Women's),$312
ASICS GT-2160 Cecilie Bahnsen Mary Jane Pure Silver,$288
ASICS Gel-NYC Black Graphite Grey,$116
ASICS Gel-Kayano 14 atmos Undermycar Black,$189
ASICS Gel-Kayano 20 KENZO Digital Aqua,$220
ASICS Gel-NYC Cream Oatmeal,$110
ASICS Gel-Teremoa Kiko Kostadinov Novalis Obsidian Black Smoke Shadow,$221
Onitsuka Tiger Mexico 66 SD Pure Silver Cream,$154
ASICS GEL-1130 NS Black,$130
ASICS Gel-MC Plus Lichen Rock Birch (Women's),$128
ASICS Gel-Lyte III Sean Wotherspoon x atmos,$155
Onitsuka Tiger Mexico 66 Birch Rust Red Blue,$102
ASICS Gel-Kayano 14 atmos Grey Purple,$148
Onitsuka Tiger Mexico 66 Mantle Green Cream,$122
ASICS GT-2160 Cecilie Bahnsen Midnight,$249
ASICS GT-2160 Black Pure Silver Bright Blue,$109
Onitsuka Tiger Mexico 66 White Light Sage,$137
ASICS Gel-NYC Yankees,$125
Onitsuka Tiger Mexico 66 Cream Sage,$115
ASICS GT-2160 COSTS Shao Ji,$145
ASICS Gel-1130 Smoke Grey Honey Beige,$97
ASICS Gel-1130 Oyster Grey,$125
ASICS Gel-Nimbus 9 White Pink Glo Teal (Women's),$233
ASICS Gel-Kayano Legacy GmbH White Black,$163
ASICS Gel-NYC Harbor Blue Wood Crepe,$227
ASICS Gel-NYC Bodega After-Hours,$204
ASICS Gel-1130 Steel Grey Sheet Rock,$110
ASICS Gel-Kayano 14 White Pure Silver Slate Grey Sage,$150
ASICS Gel-1130 Cream Carbon,$142
ASICS Gel-1130 White Midnight,$79
ASICS Gel-Quantum Kinetic Birch Dark Taupe,$234
Onitsuka Tiger Mexico 66 SD Birch Silver,$149
ASICS Gel-1130 French Blue Pure Silver,$216
ASICS Gel-1130 MK-II HAL Studio Forest,$197
ASICS Tarther SC Plus SHUSHU/TONG Black,$270
ASICS US4-S Gel-Terrain Kiko Kostadinov Classic Red Wood Crepe,$138
ASICS GT-2160 Cream Pure Silver Gold,$103
ASICS Gel-Kayano 14 Black Glacier Grey Silver,$351
ASICS Gel-NYC White Ivy,$117
ASICS Gel-Kayano Legacy White Black Red Blue,$132
ASICS Gel-Nimbus 9 White Mint Steel Blue,$124
ASICS Gel-Kayano 14 Clay Grey Pure Silver,$88
ASICS US4-S Gel-Terrain Kiko Kostadinov Black Neon Lime,$138
ASICS Gel-Kayano 14 Cream Pink Salt (Women's),$291
ASICS Gel-1130 White Black Turquoise,$182
Onitsuka Tiger Mexico 66 SD Kill Bill (2023),$192
Onitsuka Tiger Mexico 66 Triple Black,$133
ASICS Gel-1130 Oyster Grey (Gallery Dept. Edition),"$1,326"
ASICS Gel-Kahana TR V2 Grey Silver Brown,$106
ASICS Gel-1130 RE atmos OJOS Glacier Grey,$232
ASICS EX89 White Honey Beige,$208
ASICS Gel-1130 Oyster Clay Grey Pink,$92
ASICS Gel-Kayano 14 White Smoke Grey (Women's),$115
ASICS Gel-1130 Kith Cream Scarab,$337
ASICS Tarther SC Plus SHUSHU/TONG Blue Gingham,$317
ASICS Gel-1130 Vanilla White Sage,$97
Converse Chuck Taylor All Star 70 Hi Comme des Garcons PLAY Black,$102
Converse Chuck Taylor All Star 70 Hi Comme des Garcons PLAY White,$106
Converse Chuck Taylor All Star 70 Ox Comme des Garcons PLAY Black,$111
Converse Chuck Taylor All Star 70 Hi Comme des Garcons PLAY Multi-Heart Milk,$111
Converse Chuck Taylor All Star 70 Hi Comme des Garcons PLAY Multi-Heart Black,$108
Converse Chuck Taylor All Star 70 Ox Comme des Garcons PLAY White,$111
Converse Chuck Taylor All Star 70 Hi Comme des Garcons PLAY Grey,$100
Converse Chuck Taylor All Star 70 Ox Comme des Garcons PLAY Multi-Heart Black,$101
Converse Chuck Taylor All Star 70 Hi Comme des Garcons PLAY Blue Quartz,$80
Converse Chuck Taylor All Star 70 Hi Off-White,$161
Converse Chuck Taylor All Star 70 Ox Comme des Garcons PLAY Multi-Heart Milk,$106
Converse Chuck Taylor All Star 70 Hi Comme des Garcons PLAY Black Red Midsole,$74
Converse Chuck Taylor All Star 70 Ox Comme des Garcons PLAY Blue Quartz,$89
Converse Chuck Taylor All Star 70 Hi Black,$52
Converse Chuck Taylor All Star 70 Ox Comme des Garcons PLAY Grey,$93
Converse CONS One Star Pro Quartersnacks Black,$173
Converse Weapon Hi Black Natural,$132
Converse Run Star Hike Hi Black White Gum,$55
Converse All Star BB Trilliant CX Fever Dream,$100
Converse Chuck Taylor All Star 70 Ox Feng Chen Wang 2-in-1 Brown Rice,$133
Converse Chuck Taylor All Star 70 Hi De Luxe Squared Swarovski Black (Women's),$323
Converse Chuck Taylor All Star 70 Hi Comme des Garcons PLAY Egret Red Midsole,$58
Converse DRKSHDW Chuck Taylor All Star DBL DRKSTAR Hi Rick Owens DRKSTAR Black,$164
Converse TURBOWPN Mid Rick Owens DRKSHDW Pelican,$204
Converse Chuck Taylor All Star 70 Hi Comme des Garcons PLAY Multi-Heart White,$93
Converse Chuck Taylor All Star 70 Hi Golf Wang Flame Paprika,$136
Converse Geo Forma Boot A-COLD-WALL Lily White,$145
Converse Chuck Taylor All Star 70 Hi Stussy Black,$102
Converse Chuck Taylor All Star 70 Hi Golf le Fleur Yellow Flame,$84
Converse Geo Forma Boot A-COLD-WALL Onyx,$118
Converse Chuck Taylor All Star Vulcanized Hi Off-White,$776
Converse Chuck Taylor All Star 70 Hi Vintage Canvas Squirrel Friend Brown,$53
Converse Weapon Leather Ox White Wolf Grey,$90
Converse Chuck Taylor All Star 70 Ox Comme des Garcons PLAY Black Red Midsole,$88
Converse Chuck Taylor All Star Hi Willy Wonka Swirl,$90
Converse DRKSTAR Hi Rick Owens DRKSHDW Black Egret,$138
Converse Chuck One Star Ox Stussy Black,$101
Converse Chuck Taylor All Star 70 Ox Comme des Garcons PLAY Bright Pink,$116
Converse All Star BB Trilliant CX Willy Wonka Golden Ticket,$133
Converse Chuck Taylor All Star 70 Hi Ader Error,$75
Converse Chuck Taylor All Star Terrain Hi Triple Black,$113
Converse DRKSTR Chuck Taylor All Star 70 Ox Rick Owens DRKSHDW White,$64
Converse Run Star Motion Black White Gum,$76
Converse Chuck Taylor All Star 70 Hi Willy Wonka Chocolate Swirl,$122
Converse TURBOWPN Mid Rick Owens DRKSHDW Black Cloud Cream,$254
Converse Chuck Taylor All Star 70 Hi Devin Booker The Next Icon,$211
Converse All Star BB Trilliant CX Poison Dart Frog,$92
Converse Chuck Taylor All Star Hi Black,$48
Converse Chuck Taylor All Star 70 Hi Vintage Canvas Nice Blue,$83
Converse Chuck Taylor All Star 70 Ox Comme des Garcons PLAY Bright Blue,$87
Converse TURBODRK Chuck Taylor All Star 70 Hi Rick Owens DRKSHDW Black Lacquered Denim,$183
Converse Chuck Taylor All Star 70 Hi Vintage Canvas Dunescape,$65
Converse Chuck Taylor All Star 70 Hi Ader Error Create Next: The New Is Not New,$100
Converse Chuck Taylor All Star Lift Hi White Red (Women's),$126
Converse DRKSTAR Chuck Taylor All Star 70 Hi Rick Owens DRKSHDW White,$82
Converse Chuck Taylor All Star 70 Hi Stussy 8-Ball,$82
Converse Chuck Taylor All Star 70 Hi Comme des Garcons PLAY Bright Pink,$73
Converse Chuck Taylor All Star 70 Hi Fear Of God Black Natural,$179
Converse Chuck Taylor All Star 70 Hi A-COLD-WALL Silver Birch,$51
Converse Chuck Taylor All Star 70 Hi Stussy Fossil Pearl,$109
Converse DRKSHDW Chuck Taylor All Star DBL DRKSTAR Ox Rick Owens DRKSTAR Natural Ivory,$113
Converse TURBODRK Chuck Taylor All Star 70 Hi Rick Owens DRKSHDW Black,$215
Converse One Star Ox Comme des Garcons PLAY Black,$136
Converse Weapon Vintage White Ash Stone,$120
Converse Weapon OX Natural Ivory,$114
Converse One Star Pro Ox Stussy 8-Ball,$100
Converse Weapon Fragment,$88
Converse One Star Pro Ox Black Black White,$66
Converse Chuck Taylor All Star 70 Hi pgLang Black Multi (Red or Blue Variant),$128
Converse Chuck Taylor All Star 70 Low Ader Error Create Next: The New Is Not New,$115
Converse Run Star Motion CX Workwear Triple Black,$133
Converse Chuck Taylor All Star Peanuts Snoopy and Woodstock,$64
Converse Chuck Taylor All Star 70 Hi Midnight Clover,$57
Converse TURBOWPN Mid Rick Owens DRKSHDW Egret,$565
Converse Chuck Taylor All Star CX Hi Black Wild Mango,$36
Converse DRKSTR Chuck Taylor All Star 70 Ox Rick Owens DRKSHDW Black,$139
Converse Chuck Taylor All Star Hi Platform Black White (Women's),$59
Converse Chuck Taylor All Star 70 Hi Keith Haring Egret,$100
Converse Chuck Taylor All Star 70 Hi Ambush Fuzzy Black,$39
Converse Chuck Taylor All Star Hi Platform White Black (Women's),$56
Converse Chuck Taylor All Star 70 Hi De Luxe Black,$93
Converse Chuck Taylor All Star 70 Hacked Heel Hi Black Dark Moth,$107
Converse Run Star Legacy CX Hi Black,$70
Converse TURBODRK Chuck Taylor All Star 70 Hi Rick Owens DRKSHDW Sherpa Zebra Print White Black,$82
Converse Chuck Taylor All Star 70 Hi Scooby-Doo The Mystery Machine,$133
Converse Chuck Taylor All Star 70 Hi Basquiat Kings of Egypt III,$37
Converse Chuck Taylor All Star 70 Hi Comme des Garcons PLAY Multi-Heart Green,$116
Converse Chuck Taylor All Star 70 Hi Willy Wonka Oompa Loompa,$117
Converse Chuck Taylor All Star 70 Hi Moonstone Violet,$52
Converse Chuck Taylor All Star Lugged Hi A-COLD-WALL,$119
Converse Chuck Taylor All Star Hi Optical White,$61
Converse Chuck Taylor All Star 70 Hi Parchment,$57
Converse Chuck Taylor All Star Duck Boot Ambush Blue,$54
Converse Gianno Golf le Fleur Evergreen,$132
Converse Fastbreak Pro Mid White Vaporous Grey,$107
Converse Chuck Taylor All Star Platform Gold Chain Thriftshop Yellow (Women's),$66
Converse TURBODRK Laceless Chuck Taylor All Star 70 Hi Rick Owens DRKSHDW Cactus Flower Pink,$110
Converse Chuck Taylor All Star 70 Ox Comme des Garcons PLAY Multi-Heart White,$116
Converse UNT1TL3D Hi Not a Chuck White,$48
Converse Chuck Taylor All Star 70 Ox Comme des Garcons PLAY Egret Red Midsole,$86
Converse Chuck Taylor All Star Pokemon First Partners,$53
Converse Chuck Taylor All Star 70 Hi 2-in-1 Feng Chen Wang Grey,$80
Converse Chuck Taylor All Star Lugged Hi A-COLD-WALL Black,$142
Converse Chuck Taylor All Star Duck Boot Ambush Black,$62
Converse GLF 2.0 Golf le Fleur Brilliant White,$114
Converse Run Star Motion OX Black White,$83
Converse Chuck Taylor All Star 70 Hi De Luxe Heel Black,$99
Converse Chuck Taylor All Star 70 Ox Comme des Garcons PLAY  Polka Dot White,$123
Converse Chuck Taylor All Star Lift Hi White (Women's),$70
Converse Run Star Hike Ox Black White Gum,$68
Converse Weapon Kasina,$148
Converse Chuck Taylor All Star 70 De Luxe Wedge Martine Ali Black (Women's),$137
Converse TURBODRK Laceless Chuck Taylor All Star 70 Hi Rick Owens DRKSHDW Iron,$83
Converse Chuck Taylor All Star 70 Hi A-COLD-WALL Pavement,$79
Converse Chuck Taylor All Star 70 Hi Fear of God Natural,$129
Converse Chuck Taylor All Star 70 Hi Stussy Surfman Pink,$76
Converse Chuck Taylor All Star 70 Hi Scooby-Doo Group,$122
Converse Chuck Taylor All Star 70 Hi Carhartt Hamilton Brown,$176
Converse Jack Purcell Pop Trading Company Dragonskin,$53
Converse Aeon Active CX A-COLD-WALL Black Apple Green,$53
Converse Chuck Taylor All Star Lift Hi Things To Grow Egret,$71
Converse Sponge CX Crater A-COLD-WALL Dark Grey Tangerine Tango,$46
Converse Jack Purcell Comme des Garcons PLAY Grey Red,$93
Converse Chuck Taylor All Star Lugged Leather Triple White (Women's),$89
Converse Chuck Taylor All Star 70 Hi Archive Print Flames,$62
Converse Chuck Taylor All Star 70 Hi JW Anderson Glitter Yellow Red,$58
Converse Chuck Taylor All Star 70 Hi Feng Chen Wang 2-in-1 Ivory Black,$149
Converse Chuck Taylor All Star 70 Hi Rush Blue,$62
Converse Chuck Taylor All Star 70 Hi CLOT Panda Pack,$39
Converse Chuck Taylor All Star 70 Ox Black White,$53
Converse Run Star Hike Hi Keith Haring Black,$118
Converse Chuck Taylor All Star 70 Hi thisisneverthat Lemon Icing,$77
Converse Chuck Taylor All Star 70 Hi Bandulu,$80
Converse Chuck Taylor All Star 70 Hi Moncler Fragment Black,$232
Converse Chuck Taylor All Star 70 Hi Vintage Canvas Summit Sage,$36
Converse Chuck Taylor All Star Hi Valentine's Day Vintage White (2023) (Women's),$70
Converse TURBOWPN Hi Rick Owens DRKSHDW Clay,$174
Converse Chuck Taylor All Star 70 Hi Christmas Pack Gingerbread Man,$69
Converse Geo Forma Boot A-COLD-WALL Volt,$124
Converse Jack Purcell Chukka Mid A$AP Nast Pumpkin Spice,$123
Converse Chuck Taylor All Star 70 Hi Fear of God Essentials Grey,$160
Converse Chuck Taylor All Star Ox Optical White,$53
Converse Chuck Taylor All Star Peanuts Red,$85
Converse All Star BB Evo Wholehearted,$137
Converse Chuck Taylor All Star 70 Ox Comme des Garcons Multi Heart Green,$113
Converse Weapon 86 Yellow Purple Vintage,$289
Converse Run Star Legacy CX Platform High DIY Beads Aqua Mist (Women's),$94
Converse CONS AS-1 Pro Black White Gum,$85
Converse Chuck Taylor All Star 70 Hi Golf le Fleur Flames,$152
Converse Chuck Taylor All Star 70 Ox A-COLD-WALL Pavement,$81
Converse One Star Ox Comme des Garcons PLAY White,$105
Converse Run Star Hike Hi Valentine's With Love (2022),$82
Converse Chuck Taylor All Star 70 Ox Golf Wang Owl Camo,$30
Converse Chuck Taylor All Star Pokemon Poke Ball,$89
Converse Chuck Taylor All Star 70 Hi pgLang White,$172
Converse Chuck Taylor All Star Basquiat Pez Dispenser Dinosaur,$36
Converse Gianno Golf le Fleur Parfait Pink,$110
Converse Run Star Motion White Black Gum,$66
Converse Chuck Taylor All Star 70 Hi Hacked Heel Tear Away Black Blue,$38
Converse Cons As-1 Pro White Navy Gum,$69
New Balance 530 White Castlerock,$93
New Balance 9060 Rain Cloud Grey,$121
New Balance 9060 Black Castlerock Grey,$141
New Balance 530 White Silver Navy,$88
New Balance 2002R Protection Pack Rain Cloud,$153
New Balance 550 White Green,$87
New Balance 9060 Triple Black Leather,$177
New Balance 2002R Protection Pack Phantom,$187
New Balance 9060 Sea Salt White,$128
New Balance 2002R Gore-Tex JJJJound Charcoal,$245
New Balance 9060 Mushroom,$124
New Balance 1906D Protection Pack Black Leather,$142
New Balance 550 White Grey,$80
New Balance 2002R Protection Pack Sandstone,$113
New Balance 9060 Crystal Pink,$176
New Balance 550 White Black,$74
New Balance 1906R White Metallic Gold,$122
New Balance 9060 Grey Lilac,$123
New Balance 9060 Sea Salt,$119
New Balance 9060 Magnet,$116
New Balance 550 Cream Black,$61
New Balance 2002R Gore-Tex JJJJound Pine,$220
New Balance 2002R Protection Pack Black Grey,$156
New Balance 9060 Quartz Grey,$148
New Balance 9060 Moonrock Linen,$129
New Balance 2002R Protection Pack Eclipse,$114
New Balance 9060 Vintage Indigo,$163
New Balance 9060 Nori,$142
New Balance 1906D Protection Pack White,$117
New Balance 327 Black Moonbeam (Women's),$91
New Balance 530 Sea Salt Moonbeam,$87
New Balance 990v4 MiUSA Joe Freshgoods 1998 Outro,$344
New Balance 990v4 MiUSA Joe Freshgoods 1998 Intro,$243
New Balance 1906D Protection Pack Eclipse,$133
New Balance 990v5 Grey,$158
New Balance 9060 Blacktop Dark Moss,$114
New Balance 327 Moonbeam Outerspace (Women's),$82
New Balance 2002R Off White,$94
New Balance 9060 Brown Black,$117
New Balance 2002R Pink Sand (GS),$147
New Balance 550 Triple White,$62
New Balance 9060 White Navy,$116
New Balance 990v6 MiUSA Grey,$156
New Balance 550 Vintage Teal,$74
New Balance 2002R Protection Pack Grey,$170
New Balance 550 White Red,$66
New Balance 9060 Triple White,$168
New Balance 327 Black White Gum (Women's),$110
New Balance 1906D Protection Pack Harbor Grey,$121
New Balance 9060 Triple Black Patent,$257
New Balance 9060 Moonbeam Sea Salt,$135
New Balance 1906R Lunar New Year Pink,$145
New Balance 9060 December Sky,$171
New Balance 9060 Cherry Blossom,$147
New Balance 9060 Driftwood Castlerock,$122
New Balance 9060 Warped Multi-Color,$201
New Balance 9060 Driftwood Stone Pink Sea Salt,$131
New Balance 480 Andrew Reynolds Chocolate,$175
New Balance 9060 Black White,$139
New Balance 530 White Black Details,$97
New Balance 2002R Protection Pack Dark Moss,$101
New Balance 550 Rattan Sea Salt,$86
New Balance 990v6 MiUSA Action Bronson Lapis Lazuli,$185
New Balance 1906R Black Grey,$132
New Balance 9060 Triple Black,$295
New Balance 2002R Protection Pack Driftwood,$125
New Balance 993 MiUSA Grey,$188
New Balance 550 White Blue Haze Rain Cloud,$74
New Balance 9060 Castlerock,$106
New Balance 550 UNC White Dusk Blue (Women's),$67
New Balance 1906R Salehe Bembury Heat Be Hot Lava,$577
New Balance 2002R JJJJound Storm Blue,$202
New Balance 1906R Black Metallic Silver,$125
New Balance 327 Moonbeam Classic Burgundy (Women's),$91
New Balance 550 White Bubblegum Pink (Women's),$119
New Balance 991v2 MiUK Stone Island Black,$260
New Balance 550 Turtledove,$78
New Balance 991 MiUK JJJJound Grey Olive,$314
New Balance 2002R Protection Pack Navy Grey,$129
New Balance 9060 Black,$326
New Balance 9060 Turtledove,$174
New Balance 480 Juniper,$345
New Balance 550 White Timberwolf,$83
New Balance 530 Grey Matter Silver Metallic,$89
New Balance 9060 Team Forest Green,$160
New Balance 550 White Dusty Blue,$70
New Balance 990v6 Carhartt WIP Sculpture Center,$255
New Balance 9060 Olivine,$130
New Balance 1906D Protection Pack Black,$115
New Balance 990v4 MiUSA Joe Freshgoods 1998 Keisha Blue,$865
New Balance 327 Sea Salt Black (Women's),$104
New Balance 2002R Steel Grey Orca,$119
New Balance 991v2 MiUK Daniëlle Cathari Matcha,$761
New Balance 2002R Protection Pack Light Arctic Grey Purple,$199
New Balance 530 Grey Matter Harbor Grey,$80
New Balance 530 Turtledove Gold Metallic,$103
New Balance 9060 Shadow Purple,$115
New Balance 530 Steel Grey,$92
New Balance 550 Sea Salt Pine Green,$75
New Balance 9060 Truffle Rich Earth Magnet,$153
New Balance 574 Black White (2022),$76
New Balance 9060 Moonrock Linen (GS),$126
New Balance 9060 Grey Matter Timberwolf,$113
New Balance 9060 Rain Cloud (GS),$114
New Balance 9060 Blue Haze,$185
New Balance 1906U Lunar New Year,$130
New Balance 530 Raincloud,$97
New Balance 480 Navy White,$219
New Balance 1906D Protection Pack Silver Metallic,$108
New Balance 1906R Salehe Bembury Heat Be Hot Magma,$514
New Balance 9060 Pink Granite (GS),$173
New Balance 998 MiUSA Concepts C-Note 10th Anniversary (2023),$207
New Balance 2002R Castlerock Black,$136
New Balance 990v3 MiUSA Grey (2019/2021),$148
New Balance 550 Terracotta,$66
New Balance 550 White Blue,$61
New Balance 993 Triple Black,$182
New Balance 550 White University Blue Grey Gum,$90
New Balance 9060 Mushroom,$123
New Balance 9060 Eclipse,$116
New Balance 574 Nimbus Cloud (2022),$73
New Balance 9060 Turtledove Black Silver Metallic,$150
New Balance 1906R Silver Metallic Sea Salt,$119
New Balance 327 Black Sea Salt (Women's),$118
New Balance 9060 Mowalola Burglarwear Black Teal Pink,$180
New Balance 9060 Violet Noir,$159
New Balance 550 White Incense Driftwood,$82
New Balance 9060 Bricks & Wood,$439
New Balance 327 Moonbeam Driftwood,$106
New Balance 530 Triple Black Leather,$126
New Balance 2002R Protection Pack Pink,$320
New Balance 2002R Protection Pack Sea Salt,$165
New Balance 1906R Metallic Teal New Spruce,$151
New Balance 990v6 MiUSA Action Bronson Baklava,$214
New Balance 9060 White Black,$106
New Balance 990v6 MiUSA Aime Leon Dore Incense,$289
New Balance 990v5 Grey (GS),$112
New Balance 990v4 Made in USA Grey Silver,$135
New Balance 530 Ivory,$72
New Balance 990v6 MiUSA Black Grey White,$150
New Balance 2002R Black Gunmetal,$117
New Balance 1906R Cordura Pocket Black,$195
New Balance 990v6 MiUSA Cream,$188
New Balance 1906R Silver Classic Crimson,$118
New Balance 2002R Protection Pack Mirage Grey,$132
New Balance 550 Aime Leon Dore Brown,$214
New Balance 550 White Classic Green,$44
New Balance 990v3 MiUSA Patta Keep Your Family Close,$137
New Balance 327 Sea Salt Black,$70
New Balance 1906D Protection Pack Turtledove,$138
New Balance 990v6 MiUSA Ronnie Fieg Madison Square Garden Sandrift,$310
New Balance 1906R Silver Metallic Blue Agate,$133
New Balance 860v2 Aime Leon Dore White,$224
New Balance 2002R Protection Pack Lunar New Year Dusty Lilac,$208
New Balance 550 Triple Black,$71
New Balance 9060 Prism Purple,$247
New Balance 2002R Reflection Sepia,$95
New Balance 1906R Aime Leon Dore Jade,$374
New Balance 2002R Protection Pack High Desert,$117
New Balance 327 Turtledove (Women's),$90
New Balance 327 Black,$97
New Balance CT302 Moonbeam Black Red,$71
New Balance 860v2 Aime Leon Dore Orange,$257
New Balance 990v3 MiUSA JJJJound Olive,$358
New Balance 530 Moonbeam,$75
New Balance 9060 Reflection (GS),$122
New Balance 990v6 MiUSA Teddy Santis Sepia Orange,$167
New Balance 990v3 MiUSA JJJJound Brown Black,$270
New Balance 992 Grey,$322
New Balance 530 Classic Black Grey,$107
New Balance 9060 Blue Agate,$128
New Balance 9060 Natural Indigo,$126
New Balance 530 Beige Angora,$76
New Balance 9060 Mushroom Brown,$209
New Balance 1906R Cordura Magnet,$124
New Balance 990v6 MiUSA Teddy Santis Grey Black,$184
New Balance 610 Green Punch,$92
New Balance 860v2 Black White Silver,$98
New Balance 9060 DTLR Cyan Burst (GS),$251
New Balance 550 White Rain Cloud (Women's),$91
New Balance 530 Silver Cream,$94
New Balance 327 Dark Earth Mushroom,$69
New Balance 574 Grey Fog,$87
New Balance 2002R Mule Rain Cloud,$74
New Balance 9060 Workwear,$129
New Balance 2002R Black Dark Grey,$116
New Balance 990v4 MiUSA Teddy Santis Grey Black Cream,$143
New Balance 452 White Black (Women's),$56
New Balance 9060 Bodega Age of Discovery,$243
New Balance 1906R Licorice,$154
New Balance 1906D Protection Pack Reflection,$125
New Balance 327 Sea Salt Leopard Pantera (Women's),$115
New Balance 9060 Pink Lavender,$252
New Balance 327 Moonbeam December Sky (Women's),$95
New Balance 2002R Nightwatch Green,$118
New Balance 480 Timberwolf,$110
New Balance 550 Aime Leon Dore Masaryk Community Gym Green,$135
New Balance 990v4 MiUSA Teddy Santis Olive Incense,$232
New Balance 2002R Adrift Moonbeam,$88
New Balance 990v6 MiUSA WTAPS,$323
Nike Air Force 1 Low Supreme Baroque Brown,$144
Nike Air Force 1 Low '07 Fresh White,$93
Nike Kobe 6 Protro Reverse Grinch,$248
Nike Dunk Low Retro White Black Panda,$84
Nike Dunk Low Photon Dust (Women's),$89
Nike Dunk Low Grey Fog,$88
Nike Air Force 1 Low '07 White,$83
Nike SB Dunk Low City Of Love Light Bone,$120
Nike Dunk Low Polar Blue,$73
Nike SB Dunk Low The Powerpuff Girls Bubbles,$290
Nike Kobe 8 Protro Court Purple,$146
Nike Mac Attack QS SP Travis Scott Cactus Jack,$176
Nike Dunk Low Cacao Wow (Women's),$95
Nike Air Foamposite One Eggplant (2024),$231
Nike SB Dunk Low The Powerpuff Girls Buttercup,$240
Nike Kobe 4 Protro Gift of Mamba,$170
Nike KD 4 Galaxy (2024),$161
Nike SB Dunk Low The Powerpuff Girls Blossom,$291
Nike Dunk Low Retro White Black Panda (Women's),$92
Nike SB Dunk Low City Of Love Burgundy Crush,$107
Nike Air Force 1 Low Supreme White,$144
Nike Kobe 8 Protro Radiant Emerald,$173
Nike Book 1 Mirage V2 (Translucent Outsole),$146
Nike Air Force 1 Low Supreme Black,$160
Nike Dunk Low SP St. John's (2020/2023),$85
Nike Zoom Vomero 5 Photon Dust Metallic Silver (Women's),$158
Nike Kobe 6 Protro Reverse Grinch (GS),$268
Nike Book 1 Mirage (Translucent Outsole),$172
Nike SB Dunk Low Court Purple (2021/2024),$105
Nike Dunk Low UNC (2021/2024) (GS),$90
Nike Dunk Low Retro White Black Panda (GS),$76
Nike Air Force 1 Low Drake NOCTA Certified Lover Boy,$145
Nike Dunk Low Triple Pink (GS),$106
Nike Dunk Low Championship Court Purple,$72
Nike KD 16 Aunt Pearl,$218
Nike SB Dunk Low April Skateboards,$217
Nike Dunk Low PRM Bacon (Women's),$114
Nike Dunk Low Valentine's Day (2024) (Women's),$79
Nike Kobe 6 Protro Grinch (2020),$582
Nike Air Force 1 Low '07 Black,$102
Nike Dunk Low Valentine's Day (2024) (GS),$96
Nike Dunk Low Valerian Blue,$82
Nike SB Dunk Low TIGHTBOOTH,$178
Nike Air Foamposite One Anthracite (2023),$192
Nike Dunk Low Smoke Grey Gum 3M Swoosh,$117
Nike Air Force 1 Low '07 White (Travis Scott Cactus Jack Utopia Edition),$133
Nike Dunk Low Medium Olive (Women's),$92
Nike Dunk Low Team Gold,$60
Nike Dunk Low Clear Jade,$68
Nike Dunk Low Medium Curry,$99
Nike Air Max Dn Supreme Black,$289
Nike Air Max Plus Triple Black,$118
Nike SB Dunk Low Pro White Gum,$98
Nike Air VaporMax Plus Triple Black,$158
Nike Dunk Low Rose Whisper (Women's),$84
Nike Dunk Low Dusty Olive (2021/2023),$123
Nike SB Dunk Low Born X Raised One Block At A Time,$364
Nike Dunk Low Brazil (2020/2024),$113
Nike SB Dunk Low Jarritos,$310
Nike SB Dunk Low Concepts Orange Lobster,$263
Nike SB Dunk Low Deep Royal Blue,$103
Nike SB Dunk Low Fog (2021/2023),$139
Nike NOCTA Glide Drake White Chrome,$176
Nike Dunk Low Next Nature Blue Tint (Women's),$76
Nike Blazer Mid 77 Vintage White Black,$54
Nike Dunk Low Industrial Blue Sashiko,$101
Nike Dunk Low Miami Dolphins,$95
Nike Air Force 1 Low '07 Year of the Dragon (2024),$135
Nike Dunk Low Reverse Panda,$75
Nike Air Force 1 Low '07 White (Women's),$74
Nike Air Max Terrascape Plus Black Anthracite,$92
Nike Ja 1 Year of the Dragon,$101
Nike Dunk Low Summit White Midnight Navy,$103
Nike Book 1 EP Mirage (Sail Outsole),$154
Nike P-6000 Metallic Silver,$83
Nike Dunk Low Laser Fuchsia (GS),$76
Nike Kobe 8 Protro Halo,$157
Nike SB Dunk Low Pro Black Gum,$105
Nike KD 4 Year of the Dragon 2.0,$185
Nike Air Force 1 Mid Off-White Black,$71
Nike Dunk Low Sail Plum Eclipse (Women's),$111
Nike SB Dunk Low Yuto Horigome,$223
Nike SB Dunk Low Pro Why So Sad?,$168
Nike Dunk Low Triple Pink (PS),$73
Nike P-6000 Premium Triple Black,$83
Nike Kobe 8 Protro Court Purple (GS),$113
Nike SB Dunk Low Sandy Bodecker,$84
Nike Ja 1 Christmas,$137
Nike Dunk Low Athletic Department University Blue,$95
Nike Dunk Low Chicago Split,$95
Nike Dunk Low Retro White Black Panda (PS),$64
Nike Dunk Low Jumbo Reverse Panda,$80
Nike Zoom Vomero 5 Triple Black (2023),$107
Nike Air Max 95 Essential Triple Black (2020/2023),$101
Nike SB Dunk Low Albino & Preto,$161
Nike Air Max 1 Athletic Department Deep Royal Blue,$90
Nike Air Force 1 Low SP Supreme Wheat,$158
Nike SB Dunk Low Freddy Krueger,"$103,061"
Nike Dunk Low SE Light Carbon,$99
Nike Ja 1 Halloween Zombie,$111
Nike SB Dunk Low Supreme Rammellzee,$320
Nike Dunk Low Cyber Reflective (Women's),$97
Nike Dunk Low Smokey Mauve (Women's),$102
Nike Air Force 1 Low '07 Year of the Dragon (2024),$713
Nike Dunk Low Sanddrift Light Armory Blue,$105
Nike Dunk Low Athletic Department Deep Jungle,$82
Nike Dunk Low Waffle,$115
Nike Air Max 97 Triple White Wolf Grey (2017/2023),$101
Nike Dunk Low Light Orewood Brown Sashiko,$109
Nike Dunk Low Premium Light Orewood Brown,$90
Nike KD 3 Christmas (2023),$131
Nike Dunk Low Anthracite,$116
Nike Air Max 97 Black White Anthracite,$113
Nike Dunk High Panda Black White (2021),$81
Nike Dunk Low Next Nature White Light Orewood Brown (Women's),$95
Nike SB Dunk Low Ben & Jerry's Chunky Dunky,"$1,360"
Nike Zoom GT Cut 2 Hyper Pink,$100
Nike SB Dunk Low Travis Scott (Regular Box),"$1,051"
Nike NOCTA Glide Drake Black,$153
Nike Dunk Low Retro Red Swoosh Panda,$97
Air Zoom Alphafly NEXT% 3 Prototype,$346
Nike Zoom Vomero 5 SP Vast Grey (2019/2023),$100
Nike SB Dunk Low Wheat (2021/2023),$117
Nike Mac Attack QS SP Light Smoke Grey,$58
Nike Dunk Low Reverse Goldenrod (2024),$93
Nike Dunk Low Michigan State (GS),$83
Nike Air Max 1 Travis Scott Cactus Jack Saturn Gold,$176
Nike Air Max 2 CB '94 Triple Black (2020/2023),$169
Nike Dunk Low QS LeBron James Fruity Pebbles,$112
Nike SB Dunk Low Pro ISO Orange Label Court Purple,$155
Nike SB Dunk Low The Powerpuff Girls Bubbles (PS),$128
Nike Dunk Low Retro PRM Valentine's Day (2023),$119
Nike LeBron 20 Miami Heat,$105
Nike Dunk Low Mica Green,$65
Nike KD 3 Aunt Pearl,$151
Nike Kobe 6 Protro Mambacita Sweet 16,$491
Nike Air Force 1 Low '07 SE PRM Valentine's Day (2024) (Women's),$97
Nike KD 16 B.A.D.,$144
Nike Dunk Low Game Royal Navy,$72
Nike Dunk Low Retro White Pure Platinum,$90
Nike Air Force 1 Low Tiffany & Co. 1837,"$1,308"
Nike Zoom Vomero 5 Platinum Tint,$108
Nike Air Force 1 Mid SP Off-White Varsity Maize,$130
Nike Dunk Low Plum (2020/2024),$153
Nike Air Max 1 White University Blue,$97
Nike SB Dunk Low Navy Gum,$105
Nike Dunk Low Red Panda,$108
Nike Dunk Low Tweed Midnight Navy Corduroy,$91
Nike Air Force 1 Low Louis Vuitton Monogram Brown Damier Azur,"$95,238"
Nike Dunk Low Night Sky,$97
Nike Air Max 95 Essential White Grey Fog,$110
Nike Dunk Low UNC (2021),$275
Nike Dunk Low Retro Premium Oil Green Olive Aura,$110
Nike Dunk Low Disrupt 2 Pale Ivory Black (Women's),$123
Nike Ja 1 Hunger,$115
Nike Air Max 1 Travis Scott Cactus Jack Baroque Brown,$281
Nike P-6000 Flat Pewter,$105
Nike Shox TL Black Max Orange (Women's),$183
Nike Dunk Low Retro Split Deep Jungle,$81
Nike Air Max 270 White Black,$112
Nike Blazer Mid 77 Jumbo White Black,$49
Nike CPFM Air Flea 2 Cactus Plant Flea Market Faded Spruce,$450
Nike Air Max 95 Anatomy of Air GID,$169
Nike SB Dunk Low Orange Emerald Rise,$92
Nike SB Dunk Low The Powerpuff Girls Blossom (PS),$139
Nike KD 15 Aunt Pearl,$197
Nike Air Max 1 '86 OG Big Bubble Sport Red,$78
Nike MAG Back to the Future (2011),"$28,789"
Nike Zoom Vomero 5 Sail Light Orewood Brown (Women's),$107
Nike Dunk Low Retro Summit White Light Smoke Grey,$122
Nike SB Dunk Low Pro ISO Orange Label Wolf Grey Gum,$109
Nike Dunk Low PRM Vintage Navy (Women's),$73
Nike SB Dunk Low Pro QS Neckface,$93
Nike Dunk Low Michigan State Satin (Women's),$100
Nike Hot Step Air Terra Drake NOCTA Triple Black,$124
Nike Dunk Low Team Red (2022/2023),$79
Nike SB Dunk Low Los Angeles Dodgers,$301
Nike Air Force 1 Low '07 White Swoosh Panda,$84
Nike Dunk Low Light Armory Blue Photon Dust (Women's),$87
Nike Dunk Low Mystic Red Cargo Khaki,$88
Nike Dunk Low Celtics,$105
Nike SB Dunk Low Run The Jewels,$122
Nike SB Dunk Low Paris,"$103,636"
Nike Air Force 1 Low Multi-Swoosh Black Crimson,$156
Nike Dunk Low Vintage Green (Women's),$84
Nike Dunk Low Retro Summit White Malachite,$91
Nike Air Force 1 Low '07 White Black Pebbled Leather,$86
Nike Dunk Low Retro White Black Panda (TD),$47
Nike LeBron 4 Fruity Pebbles (2024),$202
Nike Dunk Low Michigan (2021/2024) (GS),$68
Nike Dunk Low Racer Blue White,$91
Nike Air Max 270 Triple Black,$117
Nike SB Dunk Low The Powerpuff Girls Buttercup (PS),$104
Nike Dunk Low QS CO.JP Reverse Curry (2024),$74
Nike Air VaporMax 2021 FK Black Anthracite,$116
Nike Dunk Low Black Total Orange Mini Swoosh,$100
Nike Dunk Low Red Stardust (Women's),$103
Nike Kobe 4 Protro Mambacita Gigi,$242
Nike Dunk Low Airbrush Swoosh Black,$76
Nike Dunk Low Light Smoke Grey (Women's),$89
Vans Knu Skool Black White,$70
Vans Old Skool Black White,$50
Vans Knu Skool Triple Black,$69
Vans Knu Skool Black Purple,$61
Vans OTW Sk8-Hi Clash the Wall SR. Studio LA. CA Orange,$290
Vans OG Old Skool LX Gallery Dept. Good Luck,$161
Vans Knu Skool MTE-1 LX Imran Potato Navy,$133
Vans Knu Skool Off White Gum,$63
Vans Knu Skool Black Red,$55
Vans Knu Skool Navy White,$75
Vans Rowley XLT LX Gallery Dept. Giraffe,$134
Vans Knu Skool Pop Outsole Purple,$82
Vans Knu Skool Pop Outsole Green,$115
Vans Rowley XLT Dime,$211
Vans Knu Stack Black White,$72
Vans Sk8-Hi Horror Pack Nightmare on Elm Street Freddy Krueger,$88
Vans Old Skool Supreme Leopard Black,$88
Vans Authentic One Piece Nami,$48
Vans Knu Skool Mega Check Black,$63
Vans Classic Slip-On VLT LX Lux Duct Tape Checkerboard,$95
Vans Knu Skool Green Yellow,$48
Vans Rowley XLT LX Gallery Dept. Blue Steel,$120
Vans UltraRange Exo Hi Gore-Tex MTE-3 Olive Black,$182
Vans Sk8-Hi Black White,$51
Vans Skate Old Skool One Piece Nico Robin,$59
Vans Old Skool Yacht Club,$47
Vans Vault UA Knu-Skool VR3 LX Imran Potato Black White,$267
Vans Authentic Golden Coast,$47
Vans Old Skool VLT LX Palm Angels Pewter,$119
Vans Sk8-Hi 38 DX Bape Line ABC Camo,$70
Vans Half Cab Supreme Leopard Black,$155
Vans Sk8-Hi One Piece Punk Hazard,$51
Vans Era 95 DX Fear of God White Black,$759
Vans Knu Skool Sorbet Pastel Pink,$98
Vans Rowley XLT LX Gallery Dept. Neapolitan,$127
Vans Old Skool Supreme Leopard Orange,$88
Vans Old Skool Supreme Leopard Navy,$88
Vans Vault Sk8-Hi Reissue LX Palm Angels PAXVAULT Chili Pepper,$101
Vans Knu Skool True White Leather,$107
Vans Old Skool Checkerboard Racing Red,$53
Vans Slip-On Checkerboard,$40
Vans Vault UA Knu-Skool VR3 LX Imran Potato Leopard Asphalt,$119
Vans Rowley XLT LX Gallery Dept. Black Flame,$289
Vans OG Authentic LX Black,$78
Vans Sk8-Hi EXT Advisory Board Crystals Black White,$60
Vans Half Cab Supreme Leopard Orange,$113
Vans Vault Old Skool Bolt LX Mastermind World,$151
Vans Authentic Mac Miller Swimming,$520
Vans Knu Skool Black Gum,$148
Vans Skate Sk8-Hi One Piece Nami,$55
Vans Old Skool One Piece Devil Fruit,$53
Vans Vault UA Old Skool LX Mastermind World,$146
Vans Knu Skool Metallic Silver,$91
Vans Old Skool 36 DX SOPHNET. Tokyo Pack,$67
Vans Old Skool Navy White,$50
Vans Sk8-Hi Notchback GORE-TEX DEFCON Woodland Camo,$631
Vans MN Rowley XLT LX Douglas Fir,$116
Vans Era Harry Potter Slytherin,$152
Vans Authentic Comme des Garcons Black Heel Tab (Curved Rubber),$147
Vans Vault Classic Slip-On Sail Checkerboard,$69
Vans Old Skool Notre True White,$91
Vans The Lizzie Marshmallow,$69
Vans Vault OG Authentic LX JJJJound White,$95
Vans Knu Skool VLT LX Black Charcoal,$83
Vans MN Rowley XLT LX Bitter Chocolate,$190
Vans Sk8-Hi EXT Advisory Board Crystals Ecru,$117
Vans Vault UA OG Classic Slip-On LX Nigel Cabourn Carpet Green Mix,$171
Vans Vault Slip-On VR3 LX Nicole McLaughlin Gardening Tote White,$101
Vans Old Skool The Simpsons Moe's,$76
Vans Skate Era Supreme Dollar,$90
Vans Sk8-Hi Black Suede (2019),$43
Vans Sk8-Hi DX Bape Multi Camo,$102
Vans Sk8-Hi Pretty Guardian Sailor Moon,$46
Vans Sk8-Hi Metallica The Black Album 30th Anniversary,$191
Vans Vault Knu Skool LX SNS Brown,$206
Vans Skate Half Cab Bruce Lee,$54
Vans Sk8-Hi Stacked Pretty Guardian Sailor Moon,$71
Vans Comfycush Slip-On The Simpsons Collage,$62
Vans Vault Knu Skool LX White,$77
Vans Authentic White Blue Foxstripe,$58
Puma LaMelo Ball MB.01 Lo Black White,$95
Puma LaMelo Ball MB.01 Iridescent,$135
Puma LaMelo Ball MB.02 Rick & Morty Adventures,$163
Puma LaMelo Ball MB.03 Toxic,$107
Puma LaMelo Ball MB.01 Rick and Morty,$347
Puma LaMelo Ball MB.02 Oreo,$92
Puma LaMelo Ball MB.03 Dexter's Laboratory,$105
Puma LaMelo Ball MB.01 Golden Child,$113
Puma Scoot Zero Cheetos,$118
Puma LaMelo Ball MB.01 Breast Cancer Awareness,$133
Puma LaMelo Ball MB.03 Chino Hills,$76
Puma LaMelo Ball MB.01 Digital Camo,$67
Puma LaMelo Ball MB.01 Lo Green Gecko,$89
Puma Suede XL Pleasures Black Frosted Ivory,$124
Puma LaMelo Ball MB.03 LaFrancé FOREVER.RARE,$122
Puma LaMelo Ball MB.01 White Silver,$93
Puma LaMelo Ball MB.01 Breast Cancer Awareness (GS),$84
Puma LaMelo Ball MB.02 Be You,$138
Puma LaMelo Ball MB.03 Blue Hive,$88
Puma LaMelo Ball MB.02 Nickelodeon Slime,$126
Puma LaMelo Ball MB.03 Porsche,$117
Puma LaMelo Ball MB.01 Black White (GS),$70
Puma LaMelo Ball MB.02 Honeycomb,$65
Puma Spirex Pleasures Black,$228
Puma Spirex Pleasures Glacial Grey,$207
Puma LaMelo Ball MB.02 Queen City Fade,$106
Puma LaMelo Ball MB.02 Whispers,$105
Puma LaMelo Ball MB.01 Queen City,$214
Puma Palermo Pink Delight Green,$94
Puma LaMelo Ball MB.01 Iridescent Dreams,$150
Puma Suede XL Black White,$97
Puma LaMelo Ball MB.01 Lo Team Color Green Gecko (GS),$76
Puma Speedcat LS Black White,$149
Puma LaMelo Ball MB.02 Rookie Of The Year,$117
Puma LaMelo Ball MB.02 Oreo (GS),$88
Puma LaMelo Ball MB.03 GutterMelo,$186
Puma All-Pro Nitro Porsche,$186
Puma LaMelo Ball MB.02 Lunar New Year Jade,$110
Puma Scoot Zero Georgia Peach,$82
Puma Suede Cheetos Chester Cheeto,$112
Puma LaMelo Ball MB.03 Toxic (GS),$149
Puma LaMelo Ball MB.01 Not From Here Red Blast,$190
Puma LaMelo Ball MB.02 Gorangé,$84
Puma LaMelo Ball MB.02 Supernova,$99
Puma LaMelo Ball MB.01 Galaxy,$130
Puma LaMelo Ball MB.02 Phenom,$98
Puma LaMelo Ball MB.02 Puma Black Sunset Glow,$88
Puma Scoot Zeros Northern Lights,$103
Puma Avanti Pony Hair Rihanna Fenty Alpine Snow (Women's),$341
Puma LaMelo Ball MB.03 Dexter's Laboratory (GS),$93
Puma LaMelo Ball MB.01 Lo White Black,$73
Puma LaMelo Ball MB.01 Golden Child (GS),$112
Puma Avanti Pony Hair Rihanna Fenty Warm White,$231
Puma LaMelo Ball MB.01 Be You,$148
Puma Avanti Pony Hair Rihanna Fenty Alpine Snow,$220
Puma Slipstream Lo RIPNDIP Lord Nermal Black,$114
Puma LaMelo Ball MB.01 Team Intense Red,$93
Puma RS-X3 Haribo,$60
Puma LaMelo Ball MB.01 Lo Team Colors White Bluemazing,$102
Puma Palermo Palermo F.C. Bright Pink,$79
Puma Suede Rhuigi B-Boy,$174
Puma LaMelo Ball MB.01 White Silver (GS),$70
Puma LaMelo Ball MB.02 Lo LaMel-O,$86
Puma Palermo Leather White Vapor Grey Gum,$68
Puma LaMelo Ball MB.03 LaFrance Forever.Rare (GS),$104
Puma Suede Classic XXI Black White,$52
Puma Suede Pokémon Squirtle,$70
Puma Creeper Phatty Rihanna Fenty Black,$112
Puma RS-X LaMelo Ball Galaxy,$67
Puma LaMelo Ball MB.02 Lo Team Blazing Blue,$123
Puma RS-XL LaMelo Ball LaFrancé FOREVER.RARE,$120
Puma Palermo Pink Delight Green (Women's),$87
Puma LaMelo Ball MB.01 Golden Child (PS),$179
Puma LaMelo Ball MB.01 Team Blazing Blue,$119
Puma LaMelo Ball MB.01 Lo UFO,$144
Puma Palermo OG Silver Sky Cayenne Pepper,$77
Puma Clyde All-Pro White Blue Atoll,$108
Puma LaMelo Ball MB.01 Black Red Blast,$235
Puma All-Pro Nitro Scoot Henderson PE,$108
Puma LaMelo Ball MB.01 Not From Here Red Blast (GS),$108
Balenciaga Track Black,$846
Balenciaga Track LED Black,"$1,254"
Balenciaga Runner Black,$827
Balenciaga Track Black 2021,"$1,061"
Balenciaga Runner Multicolor,$917
Balenciaga Track White,$710
Balenciaga Speed 2.0 Black,$721
Balenciaga Speed 2021 Black,$584
Balenciaga x adidas Stan Smith Worn-Out White Green,$347
Balenciaga Runner White Black White,$792
Balenciaga Track White Orange,$710
Balenciaga Speed Trainer Black White (2021),$579
Balenciaga Triple S Black (2019),$847
Balenciaga x adidas Speed Trainer Black,$376
Balenciaga Runner Multicolor,$806
Balenciaga Defender Black,$858
Balenciaga Runner Dark Grey Black,$941
Balenciaga Track LED Gray,"$1,483"
Balenciaga Track 2 Black,$730
Balenciaga Runner White Fluo Pink (Women's),$640
Balenciaga Triple S Black White Red (2018 Reissue),$776
Balenciaga Runner Blue Orange Black,$691
Balenciaga Runner Matte Black,$807
Balenciaga Track Hike Black Black White,$456
Balenciaga x adidas Stan Smith Black,$262
Balenciaga x adidas Stan Smith Off White Black,$509
Balenciaga Runner Graffiti Black Red,"$1,001"
Balenciaga Speed Graffiti Trainers Black White,$594
Balenciaga Track Trainers Green Blue,$588
Balenciaga Speed 2.0 Black White,$570
Balenciaga Track LED Grey (Women's),$800
Balenciaga Triple S Allover Logo Black,$715
Balenciaga Triple S adidas White Black,$871
Balenciaga Track Clear Sole Black,$846
Balenciaga Triple S Clear Sole Light Beige (Women's),$581
Balenciaga Speed Recycled Black Classic (Women's),$627
Balenciaga Track Black (Women's),$751
Balenciaga Speed Trainer 2.0 All Over Logo Black White,"$1,134"
Balenciaga Runner Blue Grey,"$1,097"
Balenciaga x adidas Stan Smith Worn-Out Black,$362
Balenciaga Triple S Clear Sole Black,$807
Balenciaga Speed Graffiti Trainers Black,$887
Balenciaga 3XL Black,$893
Balenciaga Track Runners Blue (Women's),$865
Balenciaga Track LED Blue Yellow Black,"$1,009"
Balenciaga Runner Beige Black White,$782
Balenciaga 3XL Off White,$893
Balenciaga Track Leather Free White Silver Multi,$746
Balenciaga Runner White Blue Yellow Grey Black,$795
Balenciaga Runner High White Black,$807
Balenciaga 3XL Grey,"$1,117"
Balenciaga Track Hike White White Black,$482
Balenciaga Runner Grey Blue Red Black,$782
Balenciaga Phantom Black,$458
Balenciaga Runner Graffiti White,"$1,147"
Balenciaga Runner Multicolor (Women's),"$1,366"
Balenciaga x adidas Triple S Red Grey Black,$582
Balenciaga Triple S Black Clear Sole (Women's),$670
Balenciaga Speed 2.0 Lace Up Black,$875
Balenciaga Track Black Neon Yellow,$751
Balenciaga Track Black Grey Red,$852
Balenciaga Track White Blue,$830
Balenciaga Runner Purple Grey (Women's),$805
Balenciaga Speed 2.0 Graffiti Black Red,$710
Balenciaga Speed Trainer Black (2018),$713
Balenciaga Track Trainer Red,$587
Balenciaga Track 2 White,$786
Balenciaga Speed Recycled Black White (Women's),$529
Balenciaga Runner Leather Free White,$750
Balenciaga Track White Black,$760
Balenciaga Triple S Grey Red Blue (2018 Reissue),$842
Balenciaga Runner Multicolor (Women's),"$1,034"
Balenciaga Track Black Grey 2021,$889
Balenciaga X-Pander Silver (Women's),$913
Balenciaga Runner High Top White,$840
Balenciaga x adidas Speed Trainer Red White,$418
Balenciaga Cargo Sneaker Grey Black Yellow,"$2,213"
Balenciaga Track Beige,"$1,038"
Balenciaga Speed 2.0 Black White (Women's),$550
Balenciaga x adidas Triple S Fluo Yellow,$502
OFF-WHITE Vulc Low Black White White,$209
OFF-WHITE Vulc Low Canvas Black White,$244
OFF-WHITE Out Of Office OOO Low Tops White Black White,$477
OFF-WHITE Out Of Office OOO Low Tops Black White Red,$423
"OFF-WHITE Out Of Office ""OOO"" Low Tops Dark Blue White",$429
OFF-WHITE Vulc Low Black White Arrow,$294
"OFF-WHITE Out Of Office OOO Low Tops ""Off-White"" White Black",$350
OFF-WHITE Vulcanized Low Canvas White Black,$251
"OFF-WHITE Out Of Office ""OOO"" Low Tops Grey White",$360
OFF-WHITE Out Of Office OOO Low Tops Patent Black White,$339
OFF-WHITE Vulc Low Cotton White Light Blue,$241
Off-White Out Of Office Calf Leather Panda,$418
OFF-WHITE Out Of Office OOO Low Tops For Walking White Black,$356
OFF-White Odsy-1000 Black Fucshia Grey,$464
OFF-WHITE Vulc Low Canvas White Black SS22,$239
"OFF-WHITE Out Of Office OOO ""For Walking"" Low Tops Black White (SS22)",$512
OFF-WHITE Out Of Office Low For Walking White Black,$464
OFF-WHITE New Low Vulcanized White Black,$325
OFF-WHITE Out Of Office Low For Walking White Pink (Women's),$427
OFF-WHITE New Low Vulcanized White Beige Black,$314
OFF-WHITE Out Of Office Low White Light Blue (Women's),$427
OFF-WHITE Out Of Office Low White Pink (Women's),$439
OFF-WHITE 3.0 Off Court Big Lace White Beige,$502
OFF-WHITE New Low Vulcanized Black White,$314
OFF-WHITE New Low Vulcanized Black White,$314
OFF-WHITE New Low Vulcanized White Black,$308
OFF-WHITE Out Of Office Low Orange Fluo,$370
OFF-WHITE Out Of Office OOO Low White Navy Blue,$387
OFF-WHITE Vulc Low Canvas White White Black,$217
OFF-WHITE Industrial Belt Slides Black Yellow,$115
OFF-WHITE Vulcanized Low Canvas Black White,$313
OFF-WHITE Out Of Office Sartorial Stitching White Dark Blue,$382
OFF-WHITE Out Of Office Low White Blue (Women's),$310
OFF-WHITE Out Of Office Low Sartorial Stitching Black Black (Women's),$380
OFF-WHITE Odsy-1000 Black SS22 (Women's),$377
"OFF-WHITE Out Of Office Low ""For Walking"" White Sand (Women's)",$345
OFF-WHITE Out Of Office Low White Red,$389
OFF-WHITE Odsy-1000 Black Grey Fucshia,$520
OFF-WHITE Out Of Office OOO Light Blue White (Women's),$572
OFF-WHITE Vulc Low Canvas White Light Pink Grey,$316
Louis Vuitton LV Trainer White Black,"$1,150"
Louis Vuitton Nike Air Force 1 Low By Virgil Abloh White Red,"$4,968"
Louis Vuitton Nike Air Force 1 Low By Virgil Abloh White,"$4,607"
Louis Vuitton LV Trainer Monogram Denim White Blue,"$1,079"
Louis Vuitton Nike Air Force 1 Low By Virgil Abloh White Royal,"$4,229"
Louis Vuitton Nike Air Force 1 Low By Virgil Abloh White Green,"$4,917"
Louis Vuitton Nike Air Force 1 Low By Virgil Abloh Black,"$5,892"
Louis Vuitton Nike Air Force 1 Low By Virgil Abloh Metallic Gold,"$6,771"
Louis Vuitton LV Skate Sneaker Beige White,"$1,125"
Louis Vuitton Nike Air Force 1 Low By Virgil Abloh Black Metallic Silver,"$8,129"
Louis Vuitton Trainer Black Embossed Monogram,"$1,243"
Louis Vuitton Trainer Pink Rose,"$1,351"
Louis Vuitton LV Skate Sneaker Red White,"$2,593"
Louis Vuitton Trainer Green Monogram Denim White,"$1,230"
Louis Vuitton LV Skate Sneaker Marine White,"$1,250"
Louis Vuitton LV Skate Sneaker Black White,"$2,289"
Louis Vuitton LV Trainer Sneaker Damier Pop Blue,"$1,689"
Louis Vuitton Trainer Monogram Denim,"$1,399"
Louis Vuitton LV Trainer Velcro Strap Monogram Denim Black White,"$1,197"
Louis Vuitton Damier LV Trainer Purple,"$1,626"
Louis Vuitton LV Trainer Maxi Sneaker Green Damoflage Damier,"$2,189"
Louis Vuitton Nike Air Force 1 Mid By Virgil Abloh Graffiti,"$12,753"
Louis Vuitton LV Trainer White,"$1,232"
Louis Vuitton LV Skate Sneaker Black,"$1,626"
Louis Vuitton LV Trainer Maxi Sneaker Black,"$2,063"
Louis Vuitton LV Trainer Damier White Green,"$1,531"
Louis Vuitton LV Trainer Maxi Sneaker White Green,"$2,059"
Louis Vuitton LV Trainer Sneaker Damier Pop Green,"$1,726"
Louis Vuitton LV Skate Sneaker Green White,"$1,460"
Louis Vuitton LV Skate Sneaker Grey White,"$1,460"
Louis Vuitton LV Trainer Maxi Sneaker White,"$1,499"
Louis Vuitton LV Trainer Maxi Sneaker Violet,"$2,747"
Louis Vuitton LV Trainer Sneaker Damier Pop Red,"$2,319"
Louis Vuitton LV Trainer #54 Black White,"$2,074"
Louis Vuitton LV Trainer Sneaker Damier Pop Orange,"$1,770"
Louis Vuitton Trainer Low White Sky Blue,"$1,271"
Louis Vuitton LV Trainer Maxi Sneaker Blue,"$2,171"
Louis Vuitton Skate Trainer Black Swarovski Monogran,"$6,229"
Louis Vuitton LV Trainer Sneaker Damier Pop Yellow,"$2,216"
Louis Vuitton LV Trainer Maxi White,"$1,880"
Louis Vuitton Nike Air Force 1 Mid By Virgil Abloh White,"$4,146"
Louis Vuitton Trainer Green Monogram Denim,"$1,382"
Louis Vuitton LV Trainer Maxi Sneaker Red,"$2,186"
Louis Vuitton LV Trainer Maxi Sneaker Khaki,"$2,248"
Louis Vuitton Trainer White Signature,"$1,084"
Louis Vuitton Trainer Black Monogram,"$1,253"
Louis Vuitton LV Skate Sneaker Grey,"$1,344"
Louis Vuitton Trainer #54 Signature Red White,"$1,563"
Louis Vuitton LV Trainer Damier White Orange,"$1,571"
Louis Vuitton LV Trainer Maxi Sneaker Yellow,"$2,186"
Louis Vuitton Skate Sneaker Brown Snakeskin,"$2,504"
Louis Vuitton LV Trainer Monogram strap Black White Green,"$1,635"
Louis Vuitton Trainer Red White,"$1,498"
Louis Vuitton LV Trainer #54 Damier Ebene Multi,"$2,251"
Louis Vuitton Run Away Iridescent Black,"$1,209"
Louis Vuitton LV Skate Sneaker Grey Green,"$1,501"
Louis Vuitton Skate Trainer Marine,"$1,376"
Louis Vuitton Trainer #54 Signature Blue White,"$1,376"
Louis Vuitton Trainer #54 Signature Green White,"$1,347"
Louis Vuitton LV Trainer Monogram Strap White Purple,"$1,767"
Louis Vuitton LV Trainer Comic Motifs Multi (SS23),"$1,719"
Louis Vuitton LV Skate Sneaker Blue,"$1,475"
Louis Vuitton Runner Tatic White,"$1,446"
Louis Vuitton Trainer Blue Embossed Monogram,"$1,784"
Louis Vuitton Trainer Maxi Green,"$2,808"
Louis Vuitton Trainer Maxi Orange,"$1,667"
Louis Vuitton LV Skate Sneaker Yellow White,"$2,937"
Louis Vuitton Luxembourg Samothrace Sneaker White Pink Blue,$854
Louis Vuitton Trainer Black Monogram Textile,"$1,613"
Louis Vuitton LV Trainer Orange,"$1,187"
Louis Vuitton Luxembourg Samothrace Sneaker White Red,$839
Louis Vuitton Luxembourg Samothrace Sneaker White Blue,$983
Louis Vuitton Trainer Maxi Blue,"$1,624"
Louis Vuitton Skate Trainer Blue Swarovski Monogram,"$4,394"
Louis Vuitton Trainer Maxi Black Brown Suede,"$2,999"
Louis Vuitton Trainer Beige White,"$1,268"
Louis Vuitton Trainer Monogram Denim Orange,"$1,399"
Louis Vuitton Skate Trainer Blue Brown,"$2,500"
Louis Vuitton Runner Tatic Green,"$1,198"
Louis Vuitton LV Trainer #54 Light Blue White,"$1,147"
